link,referer,status,title
http://www.phone.cn/fangan/4933.html,http://www.phone.cn,404,
http://www.phone.cn/peixun/2031.html,http://www.phone.cn,404,
http://www.phone.cn/fangan/4935.html,http://www.phone.cn,404,
http://www.phone.cn/peixun/1785.html,http://www.phone.cn,404,
http://www.phone.cn/fangan/4934.html,http://www.phone.cn,404,
http://www.phone.cn/peixun,http://www.phone.cn,404,
http://www.phone.cn/chengben/3102.html,http://www.phone.cn,404,
http://www.phone.cn/lianxi,http://www.phone.cn,404,
http://www.phone.cn/ucczt,http://www.phone.cn,404,
http://www.phone.cn/anli/10531.html,http://www.phone.cn,404,
http://www.phone.cn/jiamengdian/210.html,http://www.phone.cn,404,
http://www.phone.cn/jiamengdian/224.html,http://www.phone.cn,404,
http://www.phone.cn/jiamengdian/214.html,http://www.phone.cn,404,
http://www.phone.cn/jiage,http://www.phone.cn,404,
http://www.phone.cn/chengben,http://www.phone.cn,404,
http://www.phone.cn/fangan,http://www.phone.cn,404,
http://www.phone.cn/lirun,http://www.phone.cn,404,
http://www.phone.cn/touzi,http://www.phone.cn,404,
http://www.phone.cn/youshi,http://www.phone.cn,404,
http://www.phone.cn/shebei,http://www.phone.cn,404,
http://www.phone.cn/sitemap.xml,http://www.phone.cn,404,
http://www.phone.cn/anli,http://www.phone.cn,404,
http://www.phone.cn/zhuanqian/9186.html,http://www.phone.cn,404,
http://www.phone.cn/zhuanqian/9187.html,http://www.phone.cn,404,
http://www.phone.cn/zhuanqian/9200.html,http://www.phone.cn,404,
http://www.phone.cn/zhuanqian/5470.html,http://www.phone.cn,404,
http://www.phone.cn/zhuanqian/9378.html,http://www.phone.cn,404,
http://www.phone.cn/zhuanqian/9696.html,http://www.phone.cn,404,
http://www.phone.cn/zhuanqian/9732.html,http://www.phone.cn,404,
http://www.phone.cn/zhuanqian/9753.html,http://www.phone.cn,404,
http://www.phone.cn/zhuanqian/10466.html,http://www.phone.cn,404,
http://www.phone.cn/lirun/4234.html,http://www.phone.cn,404,
http://www.phone.cn/lirun/358.html,http://www.phone.cn,404,
http://www.phone.cn/zhuanqian/10483.html,http://www.phone.cn,404,
http://www.phone.cn/news,http://www.phone.cn,404,
http://www.phone.cn/wenda,http://www.phone.cn,404,
http://www.phone.cn/lirun/4222.html,http://www.phone.cn,404,
http://www.phone.cn/lirun/4221.html,http://www.phone.cn,404,
http://www.phone.cn/lirun/4224.html,http://www.phone.cn,404,
http://www.phone.cn/zhinan/4215.html,http://www.phone.cn,404,
http://www.phone.cn/lirun/4217.html,http://www.phone.cn,404,
http://www.phone.cn/lirun/4218.html,http://www.phone.cn,404,
http://www.phone.cn/zhuanqian,http://www.phone.cn,404,
http://www.phone.cn/lirun/4216.html,http://www.phone.cn,404,
http://www.phone.cn/lirun/4205.html,http://www.phone.cn,404,
http://www.phone.cn/lirun/4204.html,http://www.phone.cn,404,
http://www.phone.cn/templets/meiguiyuan/images/rongyu/20.jpg,http://www.phone.cn,404,
http://www.phone.cn/templets/meiguiyuan/images/rongyu/19.jpg,http://www.phone.cn,404,
http://www.phone.cn/templets/meiguiyuan/images/rongyu/15.jpg,http://www.phone.cn,404,
http://www.phone.cn/templets/meiguiyuan/images/rongyu/11.jpg,http://www.phone.cn,404,
http://www.phone.cn/templets/meiguiyuan/images/rongyu/8.jpg,http://www.phone.cn,404,
http://www.phone.cn/templets/meiguiyuan/images/rongyu/7.jpg,http://www.phone.cn,404,
http://www.phone.cn/templets/meiguiyuan/images/rongyu/5.jpg,http://www.phone.cn,404,
http://www.phone.cn/templets/meiguiyuan/images/rongyu/4.jpg,http://www.phone.cn,404,
http://www.phone.cn/templets/meiguiyuan/images/rongyu/2.jpg,http://www.phone.cn,404,
http://www.phone.cn/anli/5924.html,http://www.phone.cn,404,
http://www.phone.cn/anli/6295.html,http://www.phone.cn,404,
http://www.phone.cn/anli/6358.html,http://www.phone.cn,404,
http://www.phone.cn/anli/6522.html,http://www.phone.cn,404,
http://www.phone.cn/anli/9538.html,http://www.phone.cn,404,
http://www.phone.cn/anli/10494.html,http://www.phone.cn,404,
http://www.phone.cn/anli/10500.html,http://www.phone.cn,404,
http://www.phone.cn/jiamengdian/273.html,http://www.phone.cn,404,
http://www.phone.cn/jiamengdian/276.html,http://www.phone.cn,404,
http://www.phone.cn/jiage/10390.html,http://www.phone.cn,404,
http://www.phone.cn/jiage/10399.html,http://www.phone.cn,404,
http://www.phone.cn/jiage/10404.html,http://www.phone.cn,404,
http://www.phone.cn/jiage/10410.html,http://www.phone.cn,404,
http://www.phone.cn/jiage/10426.html,http://www.phone.cn,404,
http://www.phone.cn/jiage/10436.html,http://www.phone.cn,404,
http://www.phone.cn/jiage/10440.html,http://www.phone.cn,404,
http://www.phone.cn/jiage/10441.html,http://www.phone.cn,404,
http://www.phone.cn/shebei/10400.html,http://www.phone.cn,404,
http://www.phone.cn/shebei/10409.html,http://www.phone.cn,404,
http://www.phone.cn/jiamengdian,http://www.phone.cn,404,
http://www.phone.cn/shebei/10427.html,http://www.phone.cn,404,
http://www.phone.cn/shebei/10416.html,http://www.phone.cn,404,
http://www.phone.cn/shebei/10428.html,http://www.phone.cn,404,
http://www.phone.cn/shebei/10437.html,http://www.phone.cn,404,
http://www.phone.cn/shebei/10439.html,http://www.phone.cn,404,
http://www.phone.cn/shebei/10452.html,http://www.phone.cn,404,
http://www.phone.cn/chat/chat.html,http://www.phone.cn,404,
http://www.phone.cn/youshi/9450.html,http://www.phone.cn,404,
http://www.phone.cn/youshi/9441.html,http://www.phone.cn,404,
http://www.phone.cn/youshi/9440.html,http://www.phone.cn,404,
http://www.phone.cn/youshi/9318.html,http://www.phone.cn,404,
http://www.phone.cn/youshi/9316.html,http://www.phone.cn,404,
http://www.phone.cn/youshi/9288.html,http://www.phone.cn,404,
http://www.phone.cn/youshi/9215.html,http://www.phone.cn,404,
http://www.phone.cn/youshi/9475.html,http://www.phone.cn,404,
http://www.phone.cn/youshi/9451.html,http://www.phone.cn,404,
http://www.phone.cn/youshi/9474.html,http://www.phone.cn,404,
http://www.phone.cn/youshi/9467.html,http://www.phone.cn,404,
http://www.phone.cn/youshi/9547.html,http://www.phone.cn,404,
http://www.phone.cn/youshi/9535.html,http://www.phone.cn,404,
http://www.phone.cn/youshi/9528.html,http://www.phone.cn,404,
http://www.phone.cn/youshi/9476.html,http://www.phone.cn,404,
http://www.phone.cn/youshi/9490.html,http://www.phone.cn,404,
http://www.phone.cn/baike/10515.html,http://www.phone.cn,404,
http://www.phone.cn/youshi/9556.html,http://www.phone.cn,404,
http://www.phone.cn/youshi/9572.html,http://www.phone.cn,404,
http://www.phone.cn/youshi/9576.html,http://www.phone.cn,404,
http://www.phone.cn/youshi/9562.html,http://www.phone.cn,404,
http://www.phone.cn/youshi/9591.html,http://www.phone.cn,404,
http://www.phone.cn/youshi/9584.html,http://www.phone.cn,404,
http://www.phone.cn/youshi/9723.html,http://www.phone.cn,404,
http://www.phone.cn/youshi/9697.html,http://www.phone.cn,404,
http://www.phone.cn/youshi/10468.html,http://www.phone.cn,404,
http://www.phone.cn/youshi/9725.html,http://www.phone.cn,404,
http://www.phone.cn/youshi/1389.html,http://www.phone.cn,404,
http://www.phone.cn/youshi/514.html,http://www.phone.cn,404,
http://www.phone.cn/youshi/10467.html,http://www.phone.cn,404,
http://www.phone.cn/youshi/10485.html,http://www.phone.cn,404,
http://www.phone.cn/baike/10514.html,http://www.phone.cn,404,
http://www.phone.cn/baike/10522.html,http://www.phone.cn,404,
http://www.phone.cn/baike/10523.html,http://www.phone.cn,404,
http://www.phone.cn/baike/10526.html,http://www.phone.cn,404,
http://www.phone.cn/baike/10527.html,http://www.phone.cn,404,
http://www.phone.cn/baike/10533.html,http://www.phone.cn,404,
http://www.phone.cn/peixun/8142.html,http://www.phone.cn,404,
http://www.phone.cn/peixun/8194.html,http://www.phone.cn,404,
http://www.phone.cn/peixun/2668.html,http://www.phone.cn,404,
http://www.phone.cn/peixun/8331.html,http://www.phone.cn,404,
http://www.phone.cn/peixun/2672.html,http://www.phone.cn,404,
http://www.phone.cn/peixun/10475.html,http://www.phone.cn,404,
http://www.phone.cn/peixun/10481.html,http://www.phone.cn,404,
http://www.phone.cn/chengben/10419.html,http://www.phone.cn,404,
http://www.phone.cn/chengben/10433.html,http://www.phone.cn,404,
http://www.phone.cn/chengben/10434.html,http://www.phone.cn,404,
http://www.phone.cn/chengben/10447.html,http://www.phone.cn,404,
http://www.phone.cn/chengben/10448.html,http://www.phone.cn,404,
http://www.phone.cn/touzi/10425.html,http://www.phone.cn,404,
http://www.phone.cn/touzi/10443.html,http://www.phone.cn,404,
http://www.phone.cn/touzi/10446.html,http://www.phone.cn,404,
http://www.phone.cn/touzi/10451.html,http://www.phone.cn,404,
http://www.phone.cn/touzi/10455.html,http://www.phone.cn,404,
http://www.phone.cn/lirun/383.html,http://www.phone.cn,404,
http://www.phone.cn/lirun/10454.html,http://www.phone.cn,404,
http://www.phone.cn/lirun/10456.html,http://www.phone.cn,404,
http://www.phone.cn/lirun/10476.html,http://www.phone.cn,404,
http://www.phone.cn/lirun/10489.html,http://www.phone.cn,404,
http://www.phone.cn/lirun/10524.html,http://www.phone.cn,404,
http://www.phone.cn/lirun/19.html,http://www.phone.cn,404,
http://www.phone.cn/zhinan/10450.html,http://www.phone.cn,404,
http://www.phone.cn/zhinan/10453.html,http://www.phone.cn,404,
http://www.phone.cn/zhinan/10457.html,http://www.phone.cn,404,
http://www.phone.cn/zhinan/10486.html,http://www.phone.cn,404,
http://www.phone.cn/zhinan/4385.html,http://www.phone.cn,404,
http://www.phone.cn/youshi/312.html,http://www.phone.cn,404,
http://www.phone.cn/fangan/4937.html,http://www.phone.cn,404,
http://www.phone.cn/fangan/4936.html,http://www.phone.cn,404,
http://www.phone.cn/zhinan,http://www.phone.cn,404,
